<?xml version='1.0' encoding='UTF-8'?>
<system creation-date="2018-08-21 14:50:56" desc="14000-501558" enable="False" id="6e354edd-df44-4f78-8dc3-cc6bcb5386c1" last-modified-date="" name="14000-501558"><applications><application name="RobotWare" version="6.06.1025"><settings><setting-file path="/hd0a/14000-501558/INTERNAL/controller.rsf" /><system-xml path="/hd0a/14000-501558/system.xml" /><key-id path="/hd0a/14000-501558/INTERNAL/key.id" /></settings></application><application name="SmartGripper" version="3.54.0000.00"><settings><setting-file path="/hd0a/14000-501558/INTERNAL/controller.rsf" /><system-xml path="/hd0a/14000-501558/system.xml" /><key-id path="/hd0a/14000-501558/INTERNAL/key.id" /></settings></application></applications></system>